{"Year":[2010,2011,2012,2013,2014,2015,2016,2017,2018,2019],"CA":["MADRID, COMUNIDAD DE","MADRID, COMUNIDAD DE","MADRID, COMUNIDAD DE","MADRID, COMUNIDAD DE","MADRID, COMUNIDAD DE","MADRID, COMUNIDAD DE","MADRID, COMUNIDAD DE","MADRID, COMUNIDAD DE","MADRID, COMUNIDAD DE","MADRID, COMUNIDAD DE"],"ODS":["Hambre cero","Hambre cero","Hambre cero","Hambre cero","Hambre cero","Hambre cero","Hambre cero","Hambre cero","Hambre cero","Hambre cero"],"Indicador":["2.4.1.1","2.4.1.1","2.4.1.1","2.4.1.1","2.4.1.1","2.4.1.1","2.4.1.1","2.4.1.1","2.4.1.1","2.4.1.1"],"Descripci\u00f3n":[null,null,null,null,null,null,null,null,null,null],"Value":[1.837497229,1.922877998,2.038272943,2.237274735,2.909986262,2.574311356,2.930060117,2.911243485,3.008795913,3.164576127]}